"","DAY","variable","value"
"1","1-Jul","X1996",98
"2","2-Jul","X1996",97
"3","3-Jul","X1996",97
"4","4-Jul","X1996",90
"5","5-Jul","X1996",89
"6","6-Jul","X1996",93
"7","7-Jul","X1996",93
"8","8-Jul","X1996",91
"9","9-Jul","X1996",93
"10","10-Jul","X1996",93
"11","11-Jul","X1996",90
"12","12-Jul","X1996",91
"13","13-Jul","X1996",93
"14","14-Jul","X1996",93
"15","15-Jul","X1996",82
"16","16-Jul","X1996",91
"17","17-Jul","X1996",96
"18","18-Jul","X1996",95
"19","19-Jul","X1996",96
"20","20-Jul","X1996",99
"21","21-Jul","X1996",91
"22","22-Jul","X1996",95
"23","23-Jul","X1996",91
"24","24-Jul","X1996",93
"25","25-Jul","X1996",84
"26","26-Jul","X1996",84
"27","27-Jul","X1996",82
"28","28-Jul","X1996",79
"29","29-Jul","X1996",90
"30","30-Jul","X1996",91
"31","31-Jul","X1996",87
"32","1-Aug","X1996",86
"33","2-Aug","X1996",90
"34","3-Aug","X1996",84
"35","4-Aug","X1996",91
"36","5-Aug","X1996",93
"37","6-Aug","X1996",88
"38","7-Aug","X1996",91
"39","8-Aug","X1996",84
"40","9-Aug","X1996",90
"41","10-Aug","X1996",89
"42","11-Aug","X1996",88
"43","12-Aug","X1996",86
"44","13-Aug","X1996",84
"45","14-Aug","X1996",86
"46","15-Aug","X1996",89
"47","16-Aug","X1996",90
"48","17-Aug","X1996",91
"49","18-Aug","X1996",91
"50","19-Aug","X1996",90
"51","20-Aug","X1996",89
"52","21-Aug","X1996",90
"53","22-Aug","X1996",91
"54","23-Aug","X1996",91
"55","24-Aug","X1996",91
"56","25-Aug","X1996",84
"57","26-Aug","X1996",88
"58","27-Aug","X1996",84
"59","28-Aug","X1996",86
"60","29-Aug","X1996",88
"61","30-Aug","X1996",84
"62","31-Aug","X1996",82
"63","1-Sep","X1996",80
"64","2-Sep","X1996",73
"65","3-Sep","X1996",87
"66","4-Sep","X1996",84
"67","5-Sep","X1996",87
"68","6-Sep","X1996",89
"69","7-Sep","X1996",89
"70","8-Sep","X1996",89
"71","9-Sep","X1996",91
"72","10-Sep","X1996",84
"73","11-Sep","X1996",86
"74","12-Sep","X1996",88
"75","13-Sep","X1996",78
"76","14-Sep","X1996",79
"77","15-Sep","X1996",86
"78","16-Sep","X1996",82
"79","17-Sep","X1996",82
"80","18-Sep","X1996",78
"81","19-Sep","X1996",79
"82","20-Sep","X1996",79
"83","21-Sep","X1996",78
"84","22-Sep","X1996",81
"85","23-Sep","X1996",84
"86","24-Sep","X1996",84
"87","25-Sep","X1996",87
"88","26-Sep","X1996",84
"89","27-Sep","X1996",79
"90","28-Sep","X1996",75
"91","29-Sep","X1996",72
"92","30-Sep","X1996",64
"93","1-Oct","X1996",66
"94","2-Oct","X1996",72
"95","3-Oct","X1996",84
"96","4-Oct","X1996",70
"97","5-Oct","X1996",66
"98","6-Oct","X1996",64
"99","7-Oct","X1996",60
"100","8-Oct","X1996",78
"101","9-Oct","X1996",70
"102","10-Oct","X1996",72
"103","11-Oct","X1996",69
"104","12-Oct","X1996",69
"105","13-Oct","X1996",73
"106","14-Oct","X1996",79
"107","15-Oct","X1996",81
"108","16-Oct","X1996",80
"109","17-Oct","X1996",82
"110","18-Oct","X1996",66
"111","19-Oct","X1996",63
"112","20-Oct","X1996",68
"113","21-Oct","X1996",79
"114","22-Oct","X1996",81
"115","23-Oct","X1996",69
"116","24-Oct","X1996",73
"117","25-Oct","X1996",73
"118","26-Oct","X1996",75
"119","27-Oct","X1996",75
"120","28-Oct","X1996",81
"121","29-Oct","X1996",82
"122","30-Oct","X1996",82
"123","31-Oct","X1996",81
"124","1-Jul","X1997",86
"125","2-Jul","X1997",90
"126","3-Jul","X1997",93
"127","4-Jul","X1997",91
"128","5-Jul","X1997",84
"129","6-Jul","X1997",84
"130","7-Jul","X1997",75
"131","8-Jul","X1997",87
"132","9-Jul","X1997",84
"133","10-Jul","X1997",87
"134","11-Jul","X1997",84
"135","12-Jul","X1997",88
"136","13-Jul","X1997",86
"137","14-Jul","X1997",90
"138","15-Jul","X1997",91
"139","16-Jul","X1997",91
"140","17-Jul","X1997",89
"141","18-Jul","X1997",89
"142","19-Jul","X1997",89
"143","20-Jul","X1997",90
"144","21-Jul","X1997",89
"145","22-Jul","X1997",84
"146","23-Jul","X1997",87
"147","24-Jul","X1997",88
"148","25-Jul","X1997",89
"149","26-Jul","X1997",89
"150","27-Jul","X1997",91
"151","28-Jul","X1997",91
"152","29-Jul","X1997",89
"153","30-Jul","X1997",88
"154","31-Jul","X1997",72
"155","1-Aug","X1997",80
"156","2-Aug","X1997",84
"157","3-Aug","X1997",88
"158","4-Aug","X1997",89
"159","5-Aug","X1997",88
"160","6-Aug","X1997",84
"161","7-Aug","X1997",84
"162","8-Aug","X1997",80
"163","9-Aug","X1997",73
"164","10-Aug","X1997",80
"165","11-Aug","X1997",86
"166","12-Aug","X1997",88
"167","13-Aug","X1997",88
"168","14-Aug","X1997",87
"169","15-Aug","X1997",88
"170","16-Aug","X1997",91
"171","17-Aug","X1997",91
"172","18-Aug","X1997",89
"173","19-Aug","X1997",89
"174","20-Aug","X1997",88
"175","21-Aug","X1997",82
"176","22-Aug","X1997",79
"177","23-Aug","X1997",81
"178","24-Aug","X1997",82
"179","25-Aug","X1997",84
"180","26-Aug","X1997",87
"181","27-Aug","X1997",90
"182","28-Aug","X1997",90
"183","29-Aug","X1997",91
"184","30-Aug","X1997",91
"185","31-Aug","X1997",88
"186","1-Sep","X1997",88
"187","2-Sep","X1997",91
"188","3-Sep","X1997",93
"189","4-Sep","X1997",81
"190","5-Sep","X1997",81
"191","6-Sep","X1997",82
"192","7-Sep","X1997",86
"193","8-Sep","X1997",88
"194","9-Sep","X1997",84
"195","10-Sep","X1997",80
"196","11-Sep","X1997",82
"197","12-Sep","X1997",86
"198","13-Sep","X1997",87
"199","14-Sep","X1997",87
"200","15-Sep","X1997",88
"201","16-Sep","X1997",88
"202","17-Sep","X1997",90
"203","18-Sep","X1997",88
"204","19-Sep","X1997",91
"205","20-Sep","X1997",95
"206","21-Sep","X1997",89
"207","22-Sep","X1997",70
"208","23-Sep","X1997",80
"209","24-Sep","X1997",82
"210","25-Sep","X1997",66
"211","26-Sep","X1997",70
"212","27-Sep","X1997",64
"213","28-Sep","X1997",68
"214","29-Sep","X1997",77
"215","30-Sep","X1997",86
"216","1-Oct","X1997",75
"217","2-Oct","X1997",73
"218","3-Oct","X1997",75
"219","4-Oct","X1997",78
"220","5-Oct","X1997",81
"221","6-Oct","X1997",82
"222","7-Oct","X1997",82
"223","8-Oct","X1997",82
"224","9-Oct","X1997",80
"225","10-Oct","X1997",82
"226","11-Oct","X1997",82
"227","12-Oct","X1997",79
"228","13-Oct","X1997",80
"229","14-Oct","X1997",68
"230","15-Oct","X1997",63
"231","16-Oct","X1997",57
"232","17-Oct","X1997",66
"233","18-Oct","X1997",64
"234","19-Oct","X1997",69
"235","20-Oct","X1997",70
"236","21-Oct","X1997",70
"237","22-Oct","X1997",62
"238","23-Oct","X1997",63
"239","24-Oct","X1997",62
"240","25-Oct","X1997",75
"241","26-Oct","X1997",71
"242","27-Oct","X1997",57
"243","28-Oct","X1997",55
"244","29-Oct","X1997",64
"245","30-Oct","X1997",66
"246","31-Oct","X1997",60
"247","1-Jul","X1998",91
"248","2-Jul","X1998",88
"249","3-Jul","X1998",91
"250","4-Jul","X1998",91
"251","5-Jul","X1998",91
"252","6-Jul","X1998",89
"253","7-Jul","X1998",93
"254","8-Jul","X1998",95
"255","9-Jul","X1998",95
"256","10-Jul","X1998",91
"257","11-Jul","X1998",91
"258","12-Jul","X1998",86
"259","13-Jul","X1998",88
"260","14-Jul","X1998",87
"261","15-Jul","X1998",91
"262","16-Jul","X1998",87
"263","17-Jul","X1998",90
"264","18-Jul","X1998",91
"265","19-Jul","X1998",95
"266","20-Jul","X1998",91
"267","21-Jul","X1998",91
"268","22-Jul","X1998",89
"269","23-Jul","X1998",91
"270","24-Jul","X1998",91
"271","25-Jul","X1998",86
"272","26-Jul","X1998",88
"273","27-Jul","X1998",80
"274","28-Jul","X1998",88
"275","29-Jul","X1998",89
"276","30-Jul","X1998",90
"277","31-Jul","X1998",86
"278","1-Aug","X1998",86
"279","2-Aug","X1998",82
"280","3-Aug","X1998",84
"281","4-Aug","X1998",86
"282","5-Aug","X1998",90
"283","6-Aug","X1998",89
"284","7-Aug","X1998",89
"285","8-Aug","X1998",86
"286","9-Aug","X1998",82
"287","10-Aug","X1998",87
"288","11-Aug","X1998",88
"289","12-Aug","X1998",84
"290","13-Aug","X1998",86
"291","14-Aug","X1998",80
"292","15-Aug","X1998",82
"293","16-Aug","X1998",86
"294","17-Aug","X1998",84
"295","18-Aug","X1998",87
"296","19-Aug","X1998",90
"297","20-Aug","X1998",79
"298","21-Aug","X1998",84
"299","22-Aug","X1998",87
"300","23-Aug","X1998",87
"301","24-Aug","X1998",88
"302","25-Aug","X1998",90
"303","26-Aug","X1998",91
"304","27-Aug","X1998",89
"305","28-Aug","X1998",90
"306","29-Aug","X1998",93
"307","30-Aug","X1998",93
"308","31-Aug","X1998",91
"309","1-Sep","X1998",87
"310","2-Sep","X1998",84
"311","3-Sep","X1998",77
"312","4-Sep","X1998",90
"313","5-Sep","X1998",91
"314","6-Sep","X1998",89
"315","7-Sep","X1998",90
"316","8-Sep","X1998",89
"317","9-Sep","X1998",79
"318","10-Sep","X1998",78
"319","11-Sep","X1998",81
"320","12-Sep","X1998",84
"321","13-Sep","X1998",89
"322","14-Sep","X1998",87
"323","15-Sep","X1998",87
"324","16-Sep","X1998",88
"325","17-Sep","X1998",87
"326","18-Sep","X1998",82
"327","19-Sep","X1998",80
"328","20-Sep","X1998",82
"329","21-Sep","X1998",82
"330","22-Sep","X1998",88
"331","23-Sep","X1998",84
"332","24-Sep","X1998",81
"333","25-Sep","X1998",82
"334","26-Sep","X1998",84
"335","27-Sep","X1998",87
"336","28-Sep","X1998",80
"337","29-Sep","X1998",75
"338","30-Sep","X1998",75
"339","1-Oct","X1998",86
"340","2-Oct","X1998",78
"341","3-Oct","X1998",77
"342","4-Oct","X1998",82
"343","5-Oct","X1998",82
"344","6-Oct","X1998",73
"345","7-Oct","X1998",82
"346","8-Oct","X1998",69
"347","9-Oct","X1998",72
"348","10-Oct","X1998",73
"349","11-Oct","X1998",78
"350","12-Oct","X1998",78
"351","13-Oct","X1998",78
"352","14-Oct","X1998",75
"353","15-Oct","X1998",79
"354","16-Oct","X1998",78
"355","17-Oct","X1998",77
"356","18-Oct","X1998",78
"357","19-Oct","X1998",82
"358","20-Oct","X1998",75
"359","21-Oct","X1998",73
"360","22-Oct","X1998",63
"361","23-Oct","X1998",63
"362","24-Oct","X1998",72
"363","25-Oct","X1998",75
"364","26-Oct","X1998",79
"365","27-Oct","X1998",79
"366","28-Oct","X1998",79
"367","29-Oct","X1998",78
"368","30-Oct","X1998",82
"369","31-Oct","X1998",79
"370","1-Jul","X1999",84
"371","2-Jul","X1999",82
"372","3-Jul","X1999",87
"373","4-Jul","X1999",88
"374","5-Jul","X1999",90
"375","6-Jul","X1999",91
"376","7-Jul","X1999",82
"377","8-Jul","X1999",86
"378","9-Jul","X1999",87
"379","10-Jul","X1999",87
"380","11-Jul","X1999",82
"381","12-Jul","X1999",77
"382","13-Jul","X1999",73
"383","14-Jul","X1999",81
"384","15-Jul","X1999",81
"385","16-Jul","X1999",86
"386","17-Jul","X1999",82
"387","18-Jul","X1999",87
"388","19-Jul","X1999",88
"389","20-Jul","X1999",90
"390","21-Jul","X1999",90
"391","22-Jul","X1999",91
"392","23-Jul","X1999",93
"393","24-Jul","X1999",93
"394","25-Jul","X1999",91
"395","26-Jul","X1999",93
"396","27-Jul","X1999",93
"397","28-Jul","X1999",93
"398","29-Jul","X1999",93
"399","30-Jul","X1999",97
"400","31-Jul","X1999",99
"401","1-Aug","X1999",96
"402","2-Aug","X1999",93
"403","3-Aug","X1999",88
"404","4-Aug","X1999",89
"405","5-Aug","X1999",91
"406","6-Aug","X1999",93
"407","7-Aug","X1999",93
"408","8-Aug","X1999",93
"409","9-Aug","X1999",91
"410","10-Aug","X1999",90
"411","11-Aug","X1999",96
"412","12-Aug","X1999",98
"413","13-Aug","X1999",97
"414","14-Aug","X1999",98
"415","15-Aug","X1999",93
"416","16-Aug","X1999",93
"417","17-Aug","X1999",96
"418","18-Aug","X1999",98
"419","19-Aug","X1999",98
"420","20-Aug","X1999",89
"421","21-Aug","X1999",91
"422","22-Aug","X1999",91
"423","23-Aug","X1999",90
"424","24-Aug","X1999",80
"425","25-Aug","X1999",82
"426","26-Aug","X1999",89
"427","27-Aug","X1999",88
"428","28-Aug","X1999",90
"429","29-Aug","X1999",91
"430","30-Aug","X1999",91
"431","31-Aug","X1999",84
"432","1-Sep","X1999",88
"433","2-Sep","X1999",91
"434","3-Sep","X1999",84
"435","4-Sep","X1999",93
"436","5-Sep","X1999",96
"437","6-Sep","X1999",96
"438","7-Sep","X1999",91
"439","8-Sep","X1999",91
"440","9-Sep","X1999",77
"441","10-Sep","X1999",87
"442","11-Sep","X1999",87
"443","12-Sep","X1999",87
"444","13-Sep","X1999",86
"445","14-Sep","X1999",87
"446","15-Sep","X1999",89
"447","16-Sep","X1999",81
"448","17-Sep","X1999",81
"449","18-Sep","X1999",82
"450","19-Sep","X1999",79
"451","20-Sep","X1999",68
"452","21-Sep","X1999",79
"453","22-Sep","X1999",72
"454","23-Sep","X1999",75
"455","24-Sep","X1999",78
"456","25-Sep","X1999",81
"457","26-Sep","X1999",82
"458","27-Sep","X1999",78
"459","28-Sep","X1999",80
"460","29-Sep","X1999",77
"461","30-Sep","X1999",71
"462","1-Oct","X1999",73
"463","2-Oct","X1999",75
"464","3-Oct","X1999",84
"465","4-Oct","X1999",71
"466","5-Oct","X1999",73
"467","6-Oct","X1999",71
"468","7-Oct","X1999",73
"469","8-Oct","X1999",73
"470","9-Oct","X1999",72
"471","10-Oct","X1999",72
"472","11-Oct","X1999",73
"473","12-Oct","X1999",70
"474","13-Oct","X1999",64
"475","14-Oct","X1999",75
"476","15-Oct","X1999",73
"477","16-Oct","X1999",77
"478","17-Oct","X1999",80
"479","18-Oct","X1999",71
"480","19-Oct","X1999",66
"481","20-Oct","X1999",60
"482","21-Oct","X1999",64
"483","22-Oct","X1999",73
"484","23-Oct","X1999",57
"485","24-Oct","X1999",59
"486","25-Oct","X1999",64
"487","26-Oct","X1999",69
"488","27-Oct","X1999",75
"489","28-Oct","X1999",73
"490","29-Oct","X1999",72
"491","30-Oct","X1999",75
"492","31-Oct","X1999",75
"493","1-Jul","X2000",89
"494","2-Jul","X2000",91
"495","3-Jul","X2000",93
"496","4-Jul","X2000",95
"497","5-Jul","X2000",96
"498","6-Jul","X2000",96
"499","7-Jul","X2000",96
"500","8-Jul","X2000",91
"501","9-Jul","X2000",96
"502","10-Jul","X2000",99
"503","11-Jul","X2000",96
"504","12-Jul","X2000",93
"505","13-Jul","X2000",91
"506","14-Jul","X2000",93
"507","15-Jul","X2000",93
"508","16-Jul","X2000",93
"509","17-Jul","X2000",91
"510","18-Jul","X2000",97
"511","19-Jul","X2000",100
"512","20-Jul","X2000",99
"513","21-Jul","X2000",93
"514","22-Jul","X2000",96
"515","23-Jul","X2000",87
"516","24-Jul","X2000",82
"517","25-Jul","X2000",75
"518","26-Jul","X2000",82
"519","27-Jul","X2000",88
"520","28-Jul","X2000",91
"521","29-Jul","X2000",89
"522","30-Jul","X2000",87
"523","31-Jul","X2000",86
"524","1-Aug","X2000",86
"525","2-Aug","X2000",81
"526","3-Aug","X2000",84
"527","4-Aug","X2000",88
"528","5-Aug","X2000",91
"529","6-Aug","X2000",91
"530","7-Aug","X2000",91
"531","8-Aug","X2000",91
"532","9-Aug","X2000",96
"533","10-Aug","X2000",95
"534","11-Aug","X2000",89
"535","12-Aug","X2000",89
"536","13-Aug","X2000",89
"537","14-Aug","X2000",89
"538","15-Aug","X2000",94
"539","16-Aug","X2000",97
"540","17-Aug","X2000",99
"541","18-Aug","X2000",101
"542","19-Aug","X2000",101
"543","20-Aug","X2000",97
"544","21-Aug","X2000",87
"545","22-Aug","X2000",86
"546","23-Aug","X2000",88
"547","24-Aug","X2000",92
"548","25-Aug","X2000",92
"549","26-Aug","X2000",90
"550","27-Aug","X2000",90
"551","28-Aug","X2000",92
"552","29-Aug","X2000",92
"553","30-Aug","X2000",88
"554","31-Aug","X2000",87
"555","1-Sep","X2000",79
"556","2-Sep","X2000",81
"557","3-Sep","X2000",82
"558","4-Sep","X2000",87
"559","5-Sep","X2000",81
"560","6-Sep","X2000",66
"561","7-Sep","X2000",66
"562","8-Sep","X2000",75
"563","9-Sep","X2000",80
"564","10-Sep","X2000",82
"565","11-Sep","X2000",84
"566","12-Sep","X2000",86
"567","13-Sep","X2000",87
"568","14-Sep","X2000",86
"569","15-Sep","X2000",80
"570","16-Sep","X2000",75
"571","17-Sep","X2000",73
"572","18-Sep","X2000",73
"573","19-Sep","X2000",84
"574","20-Sep","X2000",87
"575","21-Sep","X2000",77
"576","22-Sep","X2000",73
"577","23-Sep","X2000",81
"578","24-Sep","X2000",84
"579","25-Sep","X2000",82
"580","26-Sep","X2000",68
"581","27-Sep","X2000",71
"582","28-Sep","X2000",75
"583","29-Sep","X2000",73
"584","30-Sep","X2000",75
"585","1-Oct","X2000",77
"586","2-Oct","X2000",79
"587","3-Oct","X2000",82
"588","4-Oct","X2000",81
"589","5-Oct","X2000",82
"590","6-Oct","X2000",73
"591","7-Oct","X2000",66
"592","8-Oct","X2000",55
"593","9-Oct","X2000",55
"594","10-Oct","X2000",64
"595","11-Oct","X2000",71
"596","12-Oct","X2000",73
"597","13-Oct","X2000",75
"598","14-Oct","X2000",75
"599","15-Oct","X2000",77
"600","16-Oct","X2000",80
"601","17-Oct","X2000",80
"602","18-Oct","X2000",80
"603","19-Oct","X2000",73
"604","20-Oct","X2000",73
"605","21-Oct","X2000",75
"606","22-Oct","X2000",79
"607","23-Oct","X2000",75
"608","24-Oct","X2000",75
"609","25-Oct","X2000",78
"610","26-Oct","X2000",75
"611","27-Oct","X2000",78
"612","28-Oct","X2000",80
"613","29-Oct","X2000",75
"614","30-Oct","X2000",77
"615","31-Oct","X2000",78
"616","1-Jul","X2001",84
"617","2-Jul","X2001",87
"618","3-Jul","X2001",87
"619","4-Jul","X2001",84
"620","5-Jul","X2001",86
"621","6-Jul","X2001",87
"622","7-Jul","X2001",87
"623","8-Jul","X2001",89
"624","9-Jul","X2001",91
"625","10-Jul","X2001",87
"626","11-Jul","X2001",90
"627","12-Jul","X2001",90
"628","13-Jul","X2001",86
"629","14-Jul","X2001",82
"630","15-Jul","X2001",82
"631","16-Jul","X2001",84
"632","17-Jul","X2001",87
"633","18-Jul","X2001",88
"634","19-Jul","X2001",90
"635","20-Jul","X2001",87
"636","21-Jul","X2001",84
"637","22-Jul","X2001",87
"638","23-Jul","X2001",90
"639","24-Jul","X2001",84
"640","25-Jul","X2001",82
"641","26-Jul","X2001",88
"642","27-Jul","X2001",90
"643","28-Jul","X2001",84
"644","29-Jul","X2001",89
"645","30-Jul","X2001",89
"646","31-Jul","X2001",87
"647","1-Aug","X2001",84
"648","2-Aug","X2001",84
"649","3-Aug","X2001",84
"650","4-Aug","X2001",86
"651","5-Aug","X2001",88
"652","6-Aug","X2001",84
"653","7-Aug","X2001",86
"654","8-Aug","X2001",88
"655","9-Aug","X2001",87
"656","10-Aug","X2001",88
"657","11-Aug","X2001",86
"658","12-Aug","X2001",86
"659","13-Aug","X2001",81
"660","14-Aug","X2001",87
"661","15-Aug","X2001",84
"662","16-Aug","X2001",90
"663","17-Aug","X2001",91
"664","18-Aug","X2001",91
"665","19-Aug","X2001",87
"666","20-Aug","X2001",86
"667","21-Aug","X2001",88
"668","22-Aug","X2001",90
"669","23-Aug","X2001",88
"670","24-Aug","X2001",93
"671","25-Aug","X2001",90
"672","26-Aug","X2001",91
"673","27-Aug","X2001",91
"674","28-Aug","X2001",81
"675","29-Aug","X2001",86
"676","30-Aug","X2001",81
"677","31-Aug","X2001",82
"678","1-Sep","X2001",80
"679","2-Sep","X2001",75
"680","3-Sep","X2001",73
"681","4-Sep","X2001",81
"682","5-Sep","X2001",90
"683","6-Sep","X2001",88
"684","7-Sep","X2001",87
"685","8-Sep","X2001",86
"686","9-Sep","X2001",86
"687","10-Sep","X2001",89
"688","11-Sep","X2001",87
"689","12-Sep","X2001",84
"690","13-Sep","X2001",84
"691","14-Sep","X2001",86
"692","15-Sep","X2001",77
"693","16-Sep","X2001",77
"694","17-Sep","X2001",81
"695","18-Sep","X2001",81
"696","19-Sep","X2001",82
"697","20-Sep","X2001",84
"698","21-Sep","X2001",86
"699","22-Sep","X2001",87
"700","23-Sep","X2001",88
"701","24-Sep","X2001",69
"702","25-Sep","X2001",66
"703","26-Sep","X2001",72
"704","27-Sep","X2001",75
"705","28-Sep","X2001",78
"706","29-Sep","X2001",71
"707","30-Sep","X2001",71
"708","1-Oct","X2001",75
"709","2-Oct","X2001",80
"710","3-Oct","X2001",81
"711","4-Oct","X2001",80
"712","5-Oct","X2001",79
"713","6-Oct","X2001",70
"714","7-Oct","X2001",68
"715","8-Oct","X2001",79
"716","9-Oct","X2001",66
"717","10-Oct","X2001",73
"718","11-Oct","X2001",75
"719","12-Oct","X2001",78
"720","13-Oct","X2001",78
"721","14-Oct","X2001",75
"722","15-Oct","X2001",75
"723","16-Oct","X2001",62
"724","17-Oct","X2001",60
"725","18-Oct","X2001",64
"726","19-Oct","X2001",71
"727","20-Oct","X2001",75
"728","21-Oct","X2001",79
"729","22-Oct","X2001",80
"730","23-Oct","X2001",81
"731","24-Oct","X2001",79
"732","25-Oct","X2001",73
"733","26-Oct","X2001",64
"734","27-Oct","X2001",51
"735","28-Oct","X2001",55
"736","29-Oct","X2001",63
"737","30-Oct","X2001",72
"738","31-Oct","X2001",71
"739","1-Jul","X2002",90
"740","2-Jul","X2002",90
"741","3-Jul","X2002",87
"742","4-Jul","X2002",89
"743","5-Jul","X2002",93
"744","6-Jul","X2002",93
"745","7-Jul","X2002",89
"746","8-Jul","X2002",89
"747","9-Jul","X2002",90
"748","10-Jul","X2002",91
"749","11-Jul","X2002",84
"750","12-Jul","X2002",77
"751","13-Jul","X2002",82
"752","14-Jul","X2002",88
"753","15-Jul","X2002",91
"754","16-Jul","X2002",93
"755","17-Jul","X2002",93
"756","18-Jul","X2002",93
"757","19-Jul","X2002",93
"758","20-Jul","X2002",91
"759","21-Jul","X2002",95
"760","22-Jul","X2002",91
"761","23-Jul","X2002",89
"762","24-Jul","X2002",87
"763","25-Jul","X2002",84
"764","26-Jul","X2002",86
"765","27-Jul","X2002",89
"766","28-Jul","X2002",91
"767","29-Jul","X2002",91
"768","30-Jul","X2002",88
"769","31-Jul","X2002",90
"770","1-Aug","X2002",93
"771","2-Aug","X2002",91
"772","3-Aug","X2002",91
"773","4-Aug","X2002",91
"774","5-Aug","X2002",93
"775","6-Aug","X2002",97
"776","7-Aug","X2002",87
"777","8-Aug","X2002",87
"778","9-Aug","X2002",86
"779","10-Aug","X2002",88
"780","11-Aug","X2002",89
"781","12-Aug","X2002",91
"782","13-Aug","X2002",91
"783","14-Aug","X2002",89
"784","15-Aug","X2002",88
"785","16-Aug","X2002",90
"786","17-Aug","X2002",91
"787","18-Aug","X2002",93
"788","19-Aug","X2002",91
"789","20-Aug","X2002",93
"790","21-Aug","X2002",93
"791","22-Aug","X2002",91
"792","23-Aug","X2002",95
"793","24-Aug","X2002",93
"794","25-Aug","X2002",91
"795","26-Aug","X2002",88
"796","27-Aug","X2002",84
"797","28-Aug","X2002",82
"798","29-Aug","X2002",82
"799","30-Aug","X2002",78
"800","31-Aug","X2002",77
"801","1-Sep","X2002",84
"802","2-Sep","X2002",84
"803","3-Sep","X2002",89
"804","4-Sep","X2002",95
"805","5-Sep","X2002",93
"806","6-Sep","X2002",91
"807","7-Sep","X2002",88
"808","8-Sep","X2002",87
"809","9-Sep","X2002",91
"810","10-Sep","X2002",95
"811","11-Sep","X2002",95
"812","12-Sep","X2002",90
"813","13-Sep","X2002",75
"814","14-Sep","X2002",78
"815","15-Sep","X2002",91
"816","16-Sep","X2002",88
"817","17-Sep","X2002",86
"818","18-Sep","X2002",81
"819","19-Sep","X2002",80
"820","20-Sep","X2002",86
"821","21-Sep","X2002",84
"822","22-Sep","X2002",77
"823","23-Sep","X2002",82
"824","24-Sep","X2002",73
"825","25-Sep","X2002",69
"826","26-Sep","X2002",75
"827","27-Sep","X2002",75
"828","28-Sep","X2002",79
"829","29-Sep","X2002",73
"830","30-Sep","X2002",79
"831","1-Oct","X2002",82
"832","2-Oct","X2002",84
"833","3-Oct","X2002",84
"834","4-Oct","X2002",82
"835","5-Oct","X2002",87
"836","6-Oct","X2002",86
"837","7-Oct","X2002",80
"838","8-Oct","X2002",71
"839","9-Oct","X2002",66
"840","10-Oct","X2002",70
"841","11-Oct","X2002",78
"842","12-Oct","X2002",84
"843","13-Oct","X2002",79
"844","14-Oct","X2002",68
"845","15-Oct","X2002",57
"846","16-Oct","X2002",66
"847","17-Oct","X2002",64
"848","18-Oct","X2002",68
"849","19-Oct","X2002",71
"850","20-Oct","X2002",73
"851","21-Oct","X2002",71
"852","22-Oct","X2002",64
"853","23-Oct","X2002",59
"854","24-Oct","X2002",68
"855","25-Oct","X2002",60
"856","26-Oct","X2002",68
"857","27-Oct","X2002",69
"858","28-Oct","X2002",75
"859","29-Oct","X2002",75
"860","30-Oct","X2002",68
"861","31-Oct","X2002",60
"862","1-Jul","X2003",73
"863","2-Jul","X2003",81
"864","3-Jul","X2003",87
"865","4-Jul","X2003",86
"866","5-Jul","X2003",80
"867","6-Jul","X2003",84
"868","7-Jul","X2003",87
"869","8-Jul","X2003",90
"870","9-Jul","X2003",89
"871","10-Jul","X2003",84
"872","11-Jul","X2003",84
"873","12-Jul","X2003",86
"874","13-Jul","X2003",87
"875","14-Jul","X2003",84
"876","15-Jul","X2003",86
"877","16-Jul","X2003",88
"878","17-Jul","X2003",88
"879","18-Jul","X2003",88
"880","19-Jul","X2003",88
"881","20-Jul","X2003",88
"882","21-Jul","X2003",89
"883","22-Jul","X2003",86
"884","23-Jul","X2003",81
"885","24-Jul","X2003",82
"886","25-Jul","X2003",84
"887","26-Jul","X2003",87
"888","27-Jul","X2003",87
"889","28-Jul","X2003",89
"890","29-Jul","X2003",88
"891","30-Jul","X2003",84
"892","31-Jul","X2003",88
"893","1-Aug","X2003",84
"894","2-Aug","X2003",84
"895","3-Aug","X2003",84
"896","4-Aug","X2003",82
"897","5-Aug","X2003",84
"898","6-Aug","X2003",82
"899","7-Aug","X2003",84
"900","8-Aug","X2003",84
"901","9-Aug","X2003",86
"902","10-Aug","X2003",87
"903","11-Aug","X2003",84
"904","12-Aug","X2003",81
"905","13-Aug","X2003",87
"906","14-Aug","X2003",89
"907","15-Aug","X2003",90
"908","16-Aug","X2003",86
"909","17-Aug","X2003",89
"910","18-Aug","X2003",90
"911","19-Aug","X2003",90
"912","20-Aug","X2003",87
"913","21-Aug","X2003",88
"914","22-Aug","X2003",88
"915","23-Aug","X2003",90
"916","24-Aug","X2003",89
"917","25-Aug","X2003",88
"918","26-Aug","X2003",89
"919","27-Aug","X2003",90
"920","28-Aug","X2003",91
"921","29-Aug","X2003",89
"922","30-Aug","X2003",88
"923","31-Aug","X2003",89
"924","1-Sep","X2003",88
"925","2-Sep","X2003",86
"926","3-Sep","X2003",87
"927","4-Sep","X2003",87
"928","5-Sep","X2003",84
"929","6-Sep","X2003",73
"930","7-Sep","X2003",75
"931","8-Sep","X2003",81
"932","9-Sep","X2003",82
"933","10-Sep","X2003",79
"934","11-Sep","X2003",80
"935","12-Sep","X2003",81
"936","13-Sep","X2003",84
"937","14-Sep","X2003",82
"938","15-Sep","X2003",82
"939","16-Sep","X2003",81
"940","17-Sep","X2003",81
"941","18-Sep","X2003",81
"942","19-Sep","X2003",84
"943","20-Sep","X2003",87
"944","21-Sep","X2003",82
"945","22-Sep","X2003",75
"946","23-Sep","X2003",81
"947","24-Sep","X2003",80
"948","25-Sep","X2003",82
"949","26-Sep","X2003",82
"950","27-Sep","X2003",82
"951","28-Sep","X2003",73
"952","29-Sep","X2003",66
"953","30-Sep","X2003",71
"954","1-Oct","X2003",72
"955","2-Oct","X2003",68
"956","3-Oct","X2003",66
"957","4-Oct","X2003",77
"958","5-Oct","X2003",78
"959","6-Oct","X2003",75
"960","7-Oct","X2003",73
"961","8-Oct","X2003",73
"962","9-Oct","X2003",73
"963","10-Oct","X2003",73
"964","11-Oct","X2003",66
"965","12-Oct","X2003",78
"966","13-Oct","X2003",78
"967","14-Oct","X2003",78
"968","15-Oct","X2003",69
"969","16-Oct","X2003",72
"970","17-Oct","X2003",68
"971","18-Oct","X2003",70
"972","19-Oct","X2003",75
"973","20-Oct","X2003",78
"974","21-Oct","X2003",84
"975","22-Oct","X2003",78
"976","23-Oct","X2003",78
"977","24-Oct","X2003",73
"978","25-Oct","X2003",73
"979","26-Oct","X2003",68
"980","27-Oct","X2003",64
"981","28-Oct","X2003",57
"982","29-Oct","X2003",70
"983","30-Oct","X2003",77
"984","31-Oct","X2003",75
"985","1-Jul","X2004",82
"986","2-Jul","X2004",81
"987","3-Jul","X2004",86
"988","4-Jul","X2004",88
"989","5-Jul","X2004",90
"990","6-Jul","X2004",90
"991","7-Jul","X2004",89
"992","8-Jul","X2004",87
"993","9-Jul","X2004",88
"994","10-Jul","X2004",89
"995","11-Jul","X2004",90
"996","12-Jul","X2004",89
"997","13-Jul","X2004",91
"998","14-Jul","X2004",91
"999","15-Jul","X2004",84
"1000","16-Jul","X2004",84
"1001","17-Jul","X2004",84
"1002","18-Jul","X2004",87
"1003","19-Jul","X2004",84
"1004","20-Jul","X2004",88
"1005","21-Jul","X2004",89
"1006","22-Jul","X2004",89
"1007","23-Jul","X2004",93
"1008","24-Jul","X2004",95
"1009","25-Jul","X2004",89
"1010","26-Jul","X2004",87
"1011","27-Jul","X2004",84
"1012","28-Jul","X2004",89
"1013","29-Jul","X2004",87
"1014","30-Jul","X2004",89
"1015","31-Jul","X2004",90
"1016","1-Aug","X2004",91
"1017","2-Aug","X2004",90
"1018","3-Aug","X2004",91
"1019","4-Aug","X2004",91
"1020","5-Aug","X2004",90
"1021","6-Aug","X2004",84
"1022","7-Aug","X2004",81
"1023","8-Aug","X2004",82
"1024","9-Aug","X2004",84
"1025","10-Aug","X2004",75
"1026","11-Aug","X2004",82
"1027","12-Aug","X2004",80
"1028","13-Aug","X2004",77
"1029","14-Aug","X2004",82
"1030","15-Aug","X2004",82
"1031","16-Aug","X2004",84
"1032","17-Aug","X2004",86
"1033","18-Aug","X2004",86
"1034","19-Aug","X2004",89
"1035","20-Aug","X2004",88
"1036","21-Aug","X2004",82
"1037","22-Aug","X2004",84
"1038","23-Aug","X2004",84
"1039","24-Aug","X2004",87
"1040","25-Aug","X2004",82
"1041","26-Aug","X2004",86
"1042","27-Aug","X2004",88
"1043","28-Aug","X2004",90
"1044","29-Aug","X2004",87
"1045","30-Aug","X2004",88
"1046","31-Aug","X2004",87
"1047","1-Sep","X2004",82
"1048","2-Sep","X2004",80
"1049","3-Sep","X2004",81
"1050","4-Sep","X2004",82
"1051","5-Sep","X2004",84
"1052","6-Sep","X2004",81
"1053","7-Sep","X2004",86
"1054","8-Sep","X2004",73
"1055","9-Sep","X2004",84
"1056","10-Sep","X2004",84
"1057","11-Sep","X2004",84
"1058","12-Sep","X2004",81
"1059","13-Sep","X2004",79
"1060","14-Sep","X2004",79
"1061","15-Sep","X2004",73
"1062","16-Sep","X2004",75
"1063","17-Sep","X2004",80
"1064","18-Sep","X2004",79
"1065","19-Sep","X2004",78
"1066","20-Sep","X2004",73
"1067","21-Sep","X2004",75
"1068","22-Sep","X2004",80
"1069","23-Sep","X2004",84
"1070","24-Sep","X2004",82
"1071","25-Sep","X2004",81
"1072","26-Sep","X2004",79
"1073","27-Sep","X2004",72
"1074","28-Sep","X2004",78
"1075","29-Sep","X2004",78
"1076","30-Sep","X2004",80
"1077","1-Oct","X2004",82
"1078","2-Oct","X2004",82
"1079","3-Oct","X2004",80
"1080","4-Oct","X2004",81
"1081","5-Oct","X2004",80
"1082","6-Oct","X2004",75
"1083","7-Oct","X2004",75
"1084","8-Oct","X2004",73
"1085","9-Oct","X2004",71
"1086","10-Oct","X2004",71
"1087","11-Oct","X2004",77
"1088","12-Oct","X2004",73
"1089","13-Oct","X2004",64
"1090","14-Oct","X2004",63
"1091","15-Oct","X2004",62
"1092","16-Oct","X2004",71
"1093","17-Oct","X2004",75
"1094","18-Oct","X2004",73
"1095","19-Oct","X2004",68
"1096","20-Oct","X2004",71
"1097","21-Oct","X2004",73
"1098","22-Oct","X2004",73
"1099","23-Oct","X2004",70
"1100","24-Oct","X2004",73
"1101","25-Oct","X2004",78
"1102","26-Oct","X2004",79
"1103","27-Oct","X2004",81
"1104","28-Oct","X2004",78
"1105","29-Oct","X2004",75
"1106","30-Oct","X2004",78
"1107","31-Oct","X2004",82
"1108","1-Jul","X2005",91
"1109","2-Jul","X2005",89
"1110","3-Jul","X2005",86
"1111","4-Jul","X2005",86
"1112","5-Jul","X2005",89
"1113","6-Jul","X2005",82
"1114","7-Jul","X2005",76
"1115","8-Jul","X2005",88
"1116","9-Jul","X2005",89
"1117","10-Jul","X2005",78
"1118","11-Jul","X2005",83
"1119","12-Jul","X2005",86
"1120","13-Jul","X2005",84
"1121","14-Jul","X2005",87
"1122","15-Jul","X2005",84
"1123","16-Jul","X2005",85
"1124","17-Jul","X2005",89
"1125","18-Jul","X2005",90
"1126","19-Jul","X2005",89
"1127","20-Jul","X2005",89
"1128","21-Jul","X2005",90
"1129","22-Jul","X2005",91
"1130","23-Jul","X2005",91
"1131","24-Jul","X2005",90
"1132","25-Jul","X2005",92
"1133","26-Jul","X2005",94
"1134","27-Jul","X2005",92
"1135","28-Jul","X2005",90
"1136","29-Jul","X2005",83
"1137","30-Jul","X2005",78
"1138","31-Jul","X2005",84
"1139","1-Aug","X2005",82
"1140","2-Aug","X2005",86
"1141","3-Aug","X2005",88
"1142","4-Aug","X2005",91
"1143","5-Aug","X2005",88
"1144","6-Aug","X2005",86
"1145","7-Aug","X2005",80
"1146","8-Aug","X2005",82
"1147","9-Aug","X2005",85
"1148","10-Aug","X2005",83
"1149","11-Aug","X2005",87
"1150","12-Aug","X2005",88
"1151","13-Aug","X2005",86
"1152","14-Aug","X2005",90
"1153","15-Aug","X2005",92
"1154","16-Aug","X2005",89
"1155","17-Aug","X2005",90
"1156","18-Aug","X2005",90
"1157","19-Aug","X2005",89
"1158","20-Aug","X2005",92
"1159","21-Aug","X2005",94
"1160","22-Aug","X2005",93
"1161","23-Aug","X2005",87
"1162","24-Aug","X2005",85
"1163","25-Aug","X2005",84
"1164","26-Aug","X2005",84
"1165","27-Aug","X2005",86
"1166","28-Aug","X2005",86
"1167","29-Aug","X2005",85
"1168","30-Aug","X2005",85
"1169","31-Aug","X2005",85
"1170","1-Sep","X2005",85
"1171","2-Sep","X2005",88
"1172","3-Sep","X2005",87
"1173","4-Sep","X2005",85
"1174","5-Sep","X2005",81
"1175","6-Sep","X2005",81
"1176","7-Sep","X2005",83
"1177","8-Sep","X2005",85
"1178","9-Sep","X2005",86
"1179","10-Sep","X2005",84
"1180","11-Sep","X2005",84
"1181","12-Sep","X2005",86
"1182","13-Sep","X2005",88
"1183","14-Sep","X2005",88
"1184","15-Sep","X2005",91
"1185","16-Sep","X2005",88
"1186","17-Sep","X2005",86
"1187","18-Sep","X2005",88
"1188","19-Sep","X2005",90
"1189","20-Sep","X2005",90
"1190","21-Sep","X2005",90
"1191","22-Sep","X2005",86
"1192","23-Sep","X2005",87
"1193","24-Sep","X2005",88
"1194","25-Sep","X2005",85
"1195","26-Sep","X2005",77
"1196","27-Sep","X2005",86
"1197","28-Sep","X2005",85
"1198","29-Sep","X2005",85
"1199","30-Sep","X2005",82
"1200","1-Oct","X2005",83
"1201","2-Oct","X2005",85
"1202","3-Oct","X2005",83
"1203","4-Oct","X2005",85
"1204","5-Oct","X2005",81
"1205","6-Oct","X2005",72
"1206","7-Oct","X2005",72
"1207","8-Oct","X2005",73
"1208","9-Oct","X2005",70
"1209","10-Oct","X2005",77
"1210","11-Oct","X2005",82
"1211","12-Oct","X2005",74
"1212","13-Oct","X2005",77
"1213","14-Oct","X2005",78
"1214","15-Oct","X2005",79
"1215","16-Oct","X2005",76
"1216","17-Oct","X2005",75
"1217","18-Oct","X2005",81
"1218","19-Oct","X2005",83
"1219","20-Oct","X2005",83
"1220","21-Oct","X2005",80
"1221","22-Oct","X2005",67
"1222","23-Oct","X2005",70
"1223","24-Oct","X2005",56
"1224","25-Oct","X2005",54
"1225","26-Oct","X2005",61
"1226","27-Oct","X2005",63
"1227","28-Oct","X2005",62
"1228","29-Oct","X2005",64
"1229","30-Oct","X2005",69
"1230","31-Oct","X2005",70
"1231","1-Jul","X2006",93
"1232","2-Jul","X2006",93
"1233","3-Jul","X2006",93
"1234","4-Jul","X2006",91
"1235","5-Jul","X2006",90
"1236","6-Jul","X2006",81
"1237","7-Jul","X2006",80
"1238","8-Jul","X2006",82
"1239","9-Jul","X2006",84
"1240","10-Jul","X2006",84
"1241","11-Jul","X2006",90
"1242","12-Jul","X2006",91
"1243","13-Jul","X2006",91
"1244","14-Jul","X2006",91
"1245","15-Jul","X2006",91
"1246","16-Jul","X2006",91
"1247","17-Jul","X2006",93
"1248","18-Jul","X2006",93
"1249","19-Jul","X2006",96
"1250","20-Jul","X2006",93
"1251","21-Jul","X2006",93
"1252","22-Jul","X2006",91
"1253","23-Jul","X2006",86
"1254","24-Jul","X2006",87
"1255","25-Jul","X2006",88
"1256","26-Jul","X2006",93
"1257","27-Jul","X2006",95
"1258","28-Jul","X2006",96
"1259","29-Jul","X2006",91
"1260","30-Jul","X2006",91
"1261","31-Jul","X2006",94
"1262","1-Aug","X2006",95
"1263","2-Aug","X2006",95
"1264","3-Aug","X2006",97
"1265","4-Aug","X2006",98
"1266","5-Aug","X2006",96
"1267","6-Aug","X2006",89
"1268","7-Aug","X2006",97
"1269","8-Aug","X2006",96
"1270","9-Aug","X2006",95
"1271","10-Aug","X2006",96
"1272","11-Aug","X2006",88
"1273","12-Aug","X2006",84
"1274","13-Aug","X2006",81
"1275","14-Aug","X2006",87
"1276","15-Aug","X2006",86
"1277","16-Aug","X2006",89
"1278","17-Aug","X2006",86
"1279","18-Aug","X2006",88
"1280","19-Aug","X2006",88
"1281","20-Aug","X2006",93
"1282","21-Aug","X2006",91
"1283","22-Aug","X2006",88
"1284","23-Aug","X2006",87
"1285","24-Aug","X2006",83
"1286","25-Aug","X2006",85
"1287","26-Aug","X2006",88
"1288","27-Aug","X2006",88
"1289","28-Aug","X2006",90
"1290","29-Aug","X2006",90
"1291","30-Aug","X2006",88
"1292","31-Aug","X2006",80
"1293","1-Sep","X2006",85
"1294","2-Sep","X2006",86
"1295","3-Sep","X2006",85
"1296","4-Sep","X2006",88
"1297","5-Sep","X2006",83
"1298","6-Sep","X2006",85
"1299","7-Sep","X2006",80
"1300","8-Sep","X2006",83
"1301","9-Sep","X2006",83
"1302","10-Sep","X2006",85
"1303","11-Sep","X2006",84
"1304","12-Sep","X2006",82
"1305","13-Sep","X2006",70
"1306","14-Sep","X2006",80
"1307","15-Sep","X2006",82
"1308","16-Sep","X2006",83
"1309","17-Sep","X2006",85
"1310","18-Sep","X2006",85
"1311","19-Sep","X2006",79
"1312","20-Sep","X2006",73
"1313","21-Sep","X2006",75
"1314","22-Sep","X2006",82
"1315","23-Sep","X2006",86
"1316","24-Sep","X2006",84
"1317","25-Sep","X2006",75
"1318","26-Sep","X2006",78
"1319","27-Sep","X2006",79
"1320","28-Sep","X2006",81
"1321","29-Sep","X2006",70
"1322","30-Sep","X2006",75
"1323","1-Oct","X2006",83
"1324","2-Oct","X2006",81
"1325","3-Oct","X2006",82
"1326","4-Oct","X2006",84
"1327","5-Oct","X2006",86
"1328","6-Oct","X2006",76
"1329","7-Oct","X2006",72
"1330","8-Oct","X2006",72
"1331","9-Oct","X2006",79
"1332","10-Oct","X2006",80
"1333","11-Oct","X2006",80
"1334","12-Oct","X2006",71
"1335","13-Oct","X2006",62
"1336","14-Oct","X2006",69
"1337","15-Oct","X2006",70
"1338","16-Oct","X2006",59
"1339","17-Oct","X2006",71
"1340","18-Oct","X2006",77
"1341","19-Oct","X2006",76
"1342","20-Oct","X2006",69
"1343","21-Oct","X2006",69
"1344","22-Oct","X2006",70
"1345","23-Oct","X2006",53
"1346","24-Oct","X2006",56
"1347","25-Oct","X2006",55
"1348","26-Oct","X2006",62
"1349","27-Oct","X2006",66
"1350","28-Oct","X2006",63
"1351","29-Oct","X2006",72
"1352","30-Oct","X2006",73
"1353","31-Oct","X2006",68
"1354","1-Jul","X2007",95
"1355","2-Jul","X2007",85
"1356","3-Jul","X2007",82
"1357","4-Jul","X2007",86
"1358","5-Jul","X2007",88
"1359","6-Jul","X2007",87
"1360","7-Jul","X2007",82
"1361","8-Jul","X2007",82
"1362","9-Jul","X2007",89
"1363","10-Jul","X2007",86
"1364","11-Jul","X2007",85
"1365","12-Jul","X2007",87
"1366","13-Jul","X2007",86
"1367","14-Jul","X2007",84
"1368","15-Jul","X2007",81
"1369","16-Jul","X2007",86
"1370","17-Jul","X2007",89
"1371","18-Jul","X2007",89
"1372","19-Jul","X2007",88
"1373","20-Jul","X2007",86
"1374","21-Jul","X2007",86
"1375","22-Jul","X2007",79
"1376","23-Jul","X2007",82
"1377","24-Jul","X2007",87
"1378","25-Jul","X2007",87
"1379","26-Jul","X2007",87
"1380","27-Jul","X2007",90
"1381","28-Jul","X2007",89
"1382","29-Jul","X2007",87
"1383","30-Jul","X2007",92
"1384","31-Jul","X2007",90
"1385","1-Aug","X2007",92
"1386","2-Aug","X2007",92
"1387","3-Aug","X2007",94
"1388","4-Aug","X2007",97
"1389","5-Aug","X2007",96
"1390","6-Aug","X2007",98
"1391","7-Aug","X2007",98
"1392","8-Aug","X2007",100
"1393","9-Aug","X2007",103
"1394","10-Aug","X2007",103
"1395","11-Aug","X2007",100
"1396","12-Aug","X2007",90
"1397","13-Aug","X2007",100
"1398","14-Aug","X2007",99
"1399","15-Aug","X2007",102
"1400","16-Aug","X2007",101
"1401","17-Aug","X2007",101
"1402","18-Aug","X2007",97
"1403","19-Aug","X2007",95
"1404","20-Aug","X2007",96
"1405","21-Aug","X2007",99
"1406","22-Aug","X2007",104
"1407","23-Aug","X2007",98
"1408","24-Aug","X2007",95
"1409","25-Aug","X2007",94
"1410","26-Aug","X2007",92
"1411","27-Aug","X2007",88
"1412","28-Aug","X2007",88
"1413","29-Aug","X2007",89
"1414","30-Aug","X2007",89
"1415","31-Aug","X2007",86
"1416","1-Sep","X2007",84
"1417","2-Sep","X2007",83
"1418","3-Sep","X2007",88
"1419","4-Sep","X2007",91
"1420","5-Sep","X2007",89
"1421","6-Sep","X2007",85
"1422","7-Sep","X2007",86
"1423","8-Sep","X2007",88
"1424","9-Sep","X2007",89
"1425","10-Sep","X2007",89
"1426","11-Sep","X2007",89
"1427","12-Sep","X2007",86
"1428","13-Sep","X2007",85
"1429","14-Sep","X2007",81
"1430","15-Sep","X2007",82
"1431","16-Sep","X2007",76
"1432","17-Sep","X2007",78
"1433","18-Sep","X2007",79
"1434","19-Sep","X2007",82
"1435","20-Sep","X2007",81
"1436","21-Sep","X2007",78
"1437","22-Sep","X2007",86
"1438","23-Sep","X2007",83
"1439","24-Sep","X2007",89
"1440","25-Sep","X2007",87
"1441","26-Sep","X2007",84
"1442","27-Sep","X2007",85
"1443","28-Sep","X2007",85
"1444","29-Sep","X2007",81
"1445","30-Sep","X2007",79
"1446","1-Oct","X2007",80
"1447","2-Oct","X2007",82
"1448","3-Oct","X2007",77
"1449","4-Oct","X2007",80
"1450","5-Oct","X2007",81
"1451","6-Oct","X2007",82
"1452","7-Oct","X2007",83
"1453","8-Oct","X2007",83
"1454","9-Oct","X2007",81
"1455","10-Oct","X2007",81
"1456","11-Oct","X2007",67
"1457","12-Oct","X2007",72
"1458","13-Oct","X2007",74
"1459","14-Oct","X2007",78
"1460","15-Oct","X2007",78
"1461","16-Oct","X2007",76
"1462","17-Oct","X2007",82
"1463","18-Oct","X2007",77
"1464","19-Oct","X2007",76
"1465","20-Oct","X2007",75
"1466","21-Oct","X2007",78
"1467","22-Oct","X2007",72
"1468","23-Oct","X2007",81
"1469","24-Oct","X2007",59
"1470","25-Oct","X2007",61
"1471","26-Oct","X2007",68
"1472","27-Oct","X2007",67
"1473","28-Oct","X2007",70
"1474","29-Oct","X2007",62
"1475","30-Oct","X2007",67
"1476","31-Oct","X2007",71
"1477","1-Jul","X2008",85
"1478","2-Jul","X2008",87
"1479","3-Jul","X2008",91
"1480","4-Jul","X2008",90
"1481","5-Jul","X2008",88
"1482","6-Jul","X2008",82
"1483","7-Jul","X2008",88
"1484","8-Jul","X2008",90
"1485","9-Jul","X2008",89
"1486","10-Jul","X2008",87
"1487","11-Jul","X2008",89
"1488","12-Jul","X2008",93
"1489","13-Jul","X2008",85
"1490","14-Jul","X2008",88
"1491","15-Jul","X2008",89
"1492","16-Jul","X2008",89
"1493","17-Jul","X2008",88
"1494","18-Jul","X2008",90
"1495","19-Jul","X2008",91
"1496","20-Jul","X2008",94
"1497","21-Jul","X2008",95
"1498","22-Jul","X2008",92
"1499","23-Jul","X2008",87
"1500","24-Jul","X2008",88
"1501","25-Jul","X2008",89
"1502","26-Jul","X2008",87
"1503","27-Jul","X2008",90
"1504","28-Jul","X2008",93
"1505","29-Jul","X2008",92
"1506","30-Jul","X2008",90
"1507","31-Jul","X2008",88
"1508","1-Aug","X2008",89
"1509","2-Aug","X2008",92
"1510","3-Aug","X2008",91
"1511","4-Aug","X2008",91
"1512","5-Aug","X2008",92
"1513","6-Aug","X2008",94
"1514","7-Aug","X2008",90
"1515","8-Aug","X2008",86
"1516","9-Aug","X2008",85
"1517","10-Aug","X2008",85
"1518","11-Aug","X2008",88
"1519","12-Aug","X2008",81
"1520","13-Aug","X2008",81
"1521","14-Aug","X2008",84
"1522","15-Aug","X2008",87
"1523","16-Aug","X2008",86
"1524","17-Aug","X2008",85
"1525","18-Aug","X2008",86
"1526","19-Aug","X2008",90
"1527","20-Aug","X2008",90
"1528","21-Aug","X2008",85
"1529","22-Aug","X2008",82
"1530","23-Aug","X2008",78
"1531","24-Aug","X2008",83
"1532","25-Aug","X2008",78
"1533","26-Aug","X2008",83
"1534","27-Aug","X2008",80
"1535","28-Aug","X2008",86
"1536","29-Aug","X2008",89
"1537","30-Aug","X2008",89
"1538","31-Aug","X2008",88
"1539","1-Sep","X2008",81
"1540","2-Sep","X2008",85
"1541","3-Sep","X2008",83
"1542","4-Sep","X2008",85
"1543","5-Sep","X2008",88
"1544","6-Sep","X2008",87
"1545","7-Sep","X2008",89
"1546","8-Sep","X2008",90
"1547","9-Sep","X2008",88
"1548","10-Sep","X2008",87
"1549","11-Sep","X2008",83
"1550","12-Sep","X2008",87
"1551","13-Sep","X2008",86
"1552","14-Sep","X2008",88
"1553","15-Sep","X2008",79
"1554","16-Sep","X2008",80
"1555","17-Sep","X2008",69
"1556","18-Sep","X2008",82
"1557","19-Sep","X2008",81
"1558","20-Sep","X2008",79
"1559","21-Sep","X2008",75
"1560","22-Sep","X2008",84
"1561","23-Sep","X2008",82
"1562","24-Sep","X2008",78
"1563","25-Sep","X2008",82
"1564","26-Sep","X2008",80
"1565","27-Sep","X2008",77
"1566","28-Sep","X2008",86
"1567","29-Sep","X2008",86
"1568","30-Sep","X2008",86
"1569","1-Oct","X2008",74
"1570","2-Oct","X2008",74
"1571","3-Oct","X2008",80
"1572","4-Oct","X2008",83
"1573","5-Oct","X2008",83
"1574","6-Oct","X2008",82
"1575","7-Oct","X2008",82
"1576","8-Oct","X2008",72
"1577","9-Oct","X2008",75
"1578","10-Oct","X2008",77
"1579","11-Oct","X2008",78
"1580","12-Oct","X2008",77
"1581","13-Oct","X2008",77
"1582","14-Oct","X2008",80
"1583","15-Oct","X2008",81
"1584","16-Oct","X2008",83
"1585","17-Oct","X2008",69
"1586","18-Oct","X2008",67
"1587","19-Oct","X2008",65
"1588","20-Oct","X2008",66
"1589","21-Oct","X2008",72
"1590","22-Oct","X2008",68
"1591","23-Oct","X2008",62
"1592","24-Oct","X2008",54
"1593","25-Oct","X2008",67
"1594","26-Oct","X2008",70
"1595","27-Oct","X2008",59
"1596","28-Oct","X2008",50
"1597","29-Oct","X2008",59
"1598","30-Oct","X2008",65
"1599","31-Oct","X2008",67
"1600","1-Jul","X2009",95
"1601","2-Jul","X2009",90
"1602","3-Jul","X2009",89
"1603","4-Jul","X2009",91
"1604","5-Jul","X2009",80
"1605","6-Jul","X2009",87
"1606","7-Jul","X2009",86
"1607","8-Jul","X2009",82
"1608","9-Jul","X2009",84
"1609","10-Jul","X2009",84
"1610","11-Jul","X2009",86
"1611","12-Jul","X2009",90
"1612","13-Jul","X2009",84
"1613","14-Jul","X2009",89
"1614","15-Jul","X2009",89
"1615","16-Jul","X2009",90
"1616","17-Jul","X2009",88
"1617","18-Jul","X2009",82
"1618","19-Jul","X2009",80
"1619","20-Jul","X2009",82
"1620","21-Jul","X2009",86
"1621","22-Jul","X2009",84
"1622","23-Jul","X2009",87
"1623","24-Jul","X2009",88
"1624","25-Jul","X2009",90
"1625","26-Jul","X2009",92
"1626","27-Jul","X2009",90
"1627","28-Jul","X2009",89
"1628","29-Jul","X2009",85
"1629","30-Jul","X2009",82
"1630","31-Jul","X2009",85
"1631","1-Aug","X2009",89
"1632","2-Aug","X2009",83
"1633","3-Aug","X2009",90
"1634","4-Aug","X2009",92
"1635","5-Aug","X2009",92
"1636","6-Aug","X2009",89
"1637","7-Aug","X2009",91
"1638","8-Aug","X2009",92
"1639","9-Aug","X2009",93
"1640","10-Aug","X2009",93
"1641","11-Aug","X2009",95
"1642","12-Aug","X2009",86
"1643","13-Aug","X2009",90
"1644","14-Aug","X2009",90
"1645","15-Aug","X2009",90
"1646","16-Aug","X2009",88
"1647","17-Aug","X2009",87
"1648","18-Aug","X2009",88
"1649","19-Aug","X2009",90
"1650","20-Aug","X2009",88
"1651","21-Aug","X2009",88
"1652","22-Aug","X2009",85
"1653","23-Aug","X2009",81
"1654","24-Aug","X2009",86
"1655","25-Aug","X2009",87
"1656","26-Aug","X2009",90
"1657","27-Aug","X2009",83
"1658","28-Aug","X2009",75
"1659","29-Aug","X2009",86
"1660","30-Aug","X2009",79
"1661","31-Aug","X2009",79
"1662","1-Sep","X2009",71
"1663","2-Sep","X2009",78
"1664","3-Sep","X2009",79
"1665","4-Sep","X2009",83
"1666","5-Sep","X2009",83
"1667","6-Sep","X2009",85
"1668","7-Sep","X2009",84
"1669","8-Sep","X2009",87
"1670","9-Sep","X2009",84
"1671","10-Sep","X2009",80
"1672","11-Sep","X2009",75
"1673","12-Sep","X2009",81
"1674","13-Sep","X2009",80
"1675","14-Sep","X2009",82
"1676","15-Sep","X2009",79
"1677","16-Sep","X2009",82
"1678","17-Sep","X2009",73
"1679","18-Sep","X2009",80
"1680","19-Sep","X2009",74
"1681","20-Sep","X2009",81
"1682","21-Sep","X2009",79
"1683","22-Sep","X2009",84
"1684","23-Sep","X2009",83
"1685","24-Sep","X2009",85
"1686","25-Sep","X2009",87
"1687","26-Sep","X2009",85
"1688","27-Sep","X2009",80
"1689","28-Sep","X2009",83
"1690","29-Sep","X2009",72
"1691","30-Sep","X2009",74
"1692","1-Oct","X2009",76
"1693","2-Oct","X2009",75
"1694","3-Oct","X2009",76
"1695","4-Oct","X2009",74
"1696","5-Oct","X2009",62
"1697","6-Oct","X2009",71
"1698","7-Oct","X2009",79
"1699","8-Oct","X2009",80
"1700","9-Oct","X2009",85
"1701","10-Oct","X2009",74
"1702","11-Oct","X2009",77
"1703","12-Oct","X2009",66
"1704","13-Oct","X2009",73
"1705","14-Oct","X2009",66
"1706","15-Oct","X2009",61
"1707","16-Oct","X2009",61
"1708","17-Oct","X2009",51
"1709","18-Oct","X2009",55
"1710","19-Oct","X2009",61
"1711","20-Oct","X2009",68
"1712","21-Oct","X2009",71
"1713","22-Oct","X2009",74
"1714","23-Oct","X2009",72
"1715","24-Oct","X2009",69
"1716","25-Oct","X2009",65
"1717","26-Oct","X2009",65
"1718","27-Oct","X2009",60
"1719","28-Oct","X2009",71
"1720","29-Oct","X2009",75
"1721","30-Oct","X2009",66
"1722","31-Oct","X2009",69
"1723","1-Jul","X2010",87
"1724","2-Jul","X2010",84
"1725","3-Jul","X2010",83
"1726","4-Jul","X2010",85
"1727","5-Jul","X2010",88
"1728","6-Jul","X2010",89
"1729","7-Jul","X2010",94
"1730","8-Jul","X2010",97
"1731","9-Jul","X2010",96
"1732","10-Jul","X2010",90
"1733","11-Jul","X2010",93
"1734","12-Jul","X2010",90
"1735","13-Jul","X2010",91
"1736","14-Jul","X2010",91
"1737","15-Jul","X2010",94
"1738","16-Jul","X2010",89
"1739","17-Jul","X2010",87
"1740","18-Jul","X2010",83
"1741","19-Jul","X2010",90
"1742","20-Jul","X2010",91
"1743","21-Jul","X2010",94
"1744","22-Jul","X2010",95
"1745","23-Jul","X2010",97
"1746","24-Jul","X2010",94
"1747","25-Jul","X2010",95
"1748","26-Jul","X2010",95
"1749","27-Jul","X2010",93
"1750","28-Jul","X2010",90
"1751","29-Jul","X2010",94
"1752","30-Jul","X2010",95
"1753","31-Jul","X2010",95
"1754","1-Aug","X2010",96
"1755","2-Aug","X2010",84
"1756","3-Aug","X2010",92
"1757","4-Aug","X2010",95
"1758","5-Aug","X2010",93
"1759","6-Aug","X2010",93
"1760","7-Aug","X2010",91
"1761","8-Aug","X2010",93
"1762","9-Aug","X2010",94
"1763","10-Aug","X2010",94
"1764","11-Aug","X2010",95
"1765","12-Aug","X2010",95
"1766","13-Aug","X2010",96
"1767","14-Aug","X2010",89
"1768","15-Aug","X2010",90
"1769","16-Aug","X2010",90
"1770","17-Aug","X2010",91
"1771","18-Aug","X2010",93
"1772","19-Aug","X2010",92
"1773","20-Aug","X2010",93
"1774","21-Aug","X2010",93
"1775","22-Aug","X2010",94
"1776","23-Aug","X2010",93
"1777","24-Aug","X2010",90
"1778","25-Aug","X2010",89
"1779","26-Aug","X2010",90
"1780","27-Aug","X2010",89
"1781","28-Aug","X2010",87
"1782","29-Aug","X2010",84
"1783","30-Aug","X2010",85
"1784","31-Aug","X2010",89
"1785","1-Sep","X2010",90
"1786","2-Sep","X2010",91
"1787","3-Sep","X2010",92
"1788","4-Sep","X2010",84
"1789","5-Sep","X2010",85
"1790","6-Sep","X2010",90
"1791","7-Sep","X2010",91
"1792","8-Sep","X2010",93
"1793","9-Sep","X2010",92
"1794","10-Sep","X2010",94
"1795","11-Sep","X2010",96
"1796","12-Sep","X2010",89
"1797","13-Sep","X2010",86
"1798","14-Sep","X2010",91
"1799","15-Sep","X2010",91
"1800","16-Sep","X2010",89
"1801","17-Sep","X2010",95
"1802","18-Sep","X2010",93
"1803","19-Sep","X2010",92
"1804","20-Sep","X2010",96
"1805","21-Sep","X2010",95
"1806","22-Sep","X2010",92
"1807","23-Sep","X2010",91
"1808","24-Sep","X2010",88
"1809","25-Sep","X2010",93
"1810","26-Sep","X2010",76
"1811","27-Sep","X2010",81
"1812","28-Sep","X2010",76
"1813","29-Sep","X2010",79
"1814","30-Sep","X2010",76
"1815","1-Oct","X2010",79
"1816","2-Oct","X2010",78
"1817","3-Oct","X2010",68
"1818","4-Oct","X2010",67
"1819","5-Oct","X2010",70
"1820","6-Oct","X2010",73
"1821","7-Oct","X2010",81
"1822","8-Oct","X2010",82
"1823","9-Oct","X2010",85
"1824","10-Oct","X2010",86
"1825","11-Oct","X2010",86
"1826","12-Oct","X2010",80
"1827","13-Oct","X2010",80
"1828","14-Oct","X2010",73
"1829","15-Oct","X2010",78
"1830","16-Oct","X2010",76
"1831","17-Oct","X2010",80
"1832","18-Oct","X2010",78
"1833","19-Oct","X2010",82
"1834","20-Oct","X2010",77
"1835","21-Oct","X2010",80
"1836","22-Oct","X2010",78
"1837","23-Oct","X2010",76
"1838","24-Oct","X2010",81
"1839","25-Oct","X2010",76
"1840","26-Oct","X2010",85
"1841","27-Oct","X2010",76
"1842","28-Oct","X2010",74
"1843","29-Oct","X2010",68
"1844","30-Oct","X2010",71
"1845","31-Oct","X2010",75
"1846","1-Jul","X2011",92
"1847","2-Jul","X2011",94
"1848","3-Jul","X2011",95
"1849","4-Jul","X2011",92
"1850","5-Jul","X2011",90
"1851","6-Jul","X2011",90
"1852","7-Jul","X2011",94
"1853","8-Jul","X2011",94
"1854","9-Jul","X2011",91
"1855","10-Jul","X2011",92
"1856","11-Jul","X2011",95
"1857","12-Jul","X2011",95
"1858","13-Jul","X2011",97
"1859","14-Jul","X2011",90
"1860","15-Jul","X2011",80
"1861","16-Jul","X2011",85
"1862","17-Jul","X2011",87
"1863","18-Jul","X2011",89
"1864","19-Jul","X2011",94
"1865","20-Jul","X2011",91
"1866","21-Jul","X2011",92
"1867","22-Jul","X2011",94
"1868","23-Jul","X2011",92
"1869","24-Jul","X2011",92
"1870","25-Jul","X2011",90
"1871","26-Jul","X2011",94
"1872","27-Jul","X2011",94
"1873","28-Jul","X2011",90
"1874","29-Jul","X2011",93
"1875","30-Jul","X2011",96
"1876","31-Jul","X2011",96
"1877","1-Aug","X2011",91
"1878","2-Aug","X2011",96
"1879","3-Aug","X2011",97
"1880","4-Aug","X2011",85
"1881","5-Aug","X2011",96
"1882","6-Aug","X2011",93
"1883","7-Aug","X2011",93
"1884","8-Aug","X2011",94
"1885","9-Aug","X2011",91
"1886","10-Aug","X2011",95
"1887","11-Aug","X2011",94
"1888","12-Aug","X2011",95
"1889","13-Aug","X2011",95
"1890","14-Aug","X2011",94
"1891","15-Aug","X2011",88
"1892","16-Aug","X2011",90
"1893","17-Aug","X2011",92
"1894","18-Aug","X2011",94
"1895","19-Aug","X2011",96
"1896","20-Aug","X2011",93
"1897","21-Aug","X2011",94
"1898","22-Aug","X2011",98
"1899","23-Aug","X2011",92
"1900","24-Aug","X2011",93
"1901","25-Aug","X2011",95
"1902","26-Aug","X2011",99
"1903","27-Aug","X2011",95
"1904","28-Aug","X2011",95
"1905","29-Aug","X2011",93
"1906","30-Aug","X2011",90
"1907","31-Aug","X2011",92
"1908","1-Sep","X2011",95
"1909","2-Sep","X2011",96
"1910","3-Sep","X2011",95
"1911","4-Sep","X2011",80
"1912","5-Sep","X2011",78
"1913","6-Sep","X2011",75
"1914","7-Sep","X2011",69
"1915","8-Sep","X2011",73
"1916","9-Sep","X2011",81
"1917","10-Sep","X2011",84
"1918","11-Sep","X2011",86
"1919","12-Sep","X2011",87
"1920","13-Sep","X2011",89
"1921","14-Sep","X2011",92
"1922","15-Sep","X2011",86
"1923","16-Sep","X2011",72
"1924","17-Sep","X2011",79
"1925","18-Sep","X2011",77
"1926","19-Sep","X2011",77
"1927","20-Sep","X2011",82
"1928","21-Sep","X2011",86
"1929","22-Sep","X2011",80
"1930","23-Sep","X2011",83
"1931","24-Sep","X2011",82
"1932","25-Sep","X2011",88
"1933","26-Sep","X2011",86
"1934","27-Sep","X2011",84
"1935","28-Sep","X2011",79
"1936","29-Sep","X2011",84
"1937","30-Sep","X2011",78
"1938","1-Oct","X2011",65
"1939","2-Oct","X2011",68
"1940","3-Oct","X2011",75
"1941","4-Oct","X2011",80
"1942","5-Oct","X2011",83
"1943","6-Oct","X2011",81
"1944","7-Oct","X2011",79
"1945","8-Oct","X2011",78
"1946","9-Oct","X2011",72
"1947","10-Oct","X2011",68
"1948","11-Oct","X2011",65
"1949","12-Oct","X2011",73
"1950","13-Oct","X2011",74
"1951","14-Oct","X2011",77
"1952","15-Oct","X2011",80
"1953","16-Oct","X2011",84
"1954","17-Oct","X2011",85
"1955","18-Oct","X2011",80
"1956","19-Oct","X2011",67
"1957","20-Oct","X2011",59
"1958","21-Oct","X2011",63
"1959","22-Oct","X2011",68
"1960","23-Oct","X2011",70
"1961","24-Oct","X2011",73
"1962","25-Oct","X2011",76
"1963","26-Oct","X2011",77
"1964","27-Oct","X2011",79
"1965","28-Oct","X2011",74
"1966","29-Oct","X2011",59
"1967","30-Oct","X2011",61
"1968","31-Oct","X2011",65
"1969","1-Jul","X2012",105
"1970","2-Jul","X2012",93
"1971","3-Jul","X2012",99
"1972","4-Jul","X2012",98
"1973","5-Jul","X2012",100
"1974","6-Jul","X2012",98
"1975","7-Jul","X2012",93
"1976","8-Jul","X2012",95
"1977","9-Jul","X2012",97
"1978","10-Jul","X2012",95
"1979","11-Jul","X2012",90
"1980","12-Jul","X2012",84
"1981","13-Jul","X2012",90
"1982","14-Jul","X2012",90
"1983","15-Jul","X2012",90
"1984","16-Jul","X2012",92
"1985","17-Jul","X2012",93
"1986","18-Jul","X2012",93
"1987","19-Jul","X2012",91
"1988","20-Jul","X2012",84
"1989","21-Jul","X2012",90
"1990","22-Jul","X2012",95
"1991","23-Jul","X2012",97
"1992","24-Jul","X2012",97
"1993","25-Jul","X2012",98
"1994","26-Jul","X2012",98
"1995","27-Jul","X2012",97
"1996","28-Jul","X2012",97
"1997","29-Jul","X2012",94
"1998","30-Jul","X2012",96
"1999","31-Jul","X2012",88
"2000","1-Aug","X2012",94
"2001","2-Aug","X2012",99
"2002","3-Aug","X2012",94
"2003","4-Aug","X2012",87
"2004","5-Aug","X2012",90
"2005","6-Aug","X2012",86
"2006","7-Aug","X2012",84
"2007","8-Aug","X2012",92
"2008","9-Aug","X2012",88
"2009","10-Aug","X2012",87
"2010","11-Aug","X2012",85
"2011","12-Aug","X2012",88
"2012","13-Aug","X2012",91
"2013","14-Aug","X2012",88
"2014","15-Aug","X2012",85
"2015","16-Aug","X2012",91
"2016","17-Aug","X2012",87
"2017","18-Aug","X2012",87
"2018","19-Aug","X2012",84
"2019","20-Aug","X2012",84
"2020","21-Aug","X2012",88
"2021","22-Aug","X2012",84
"2022","23-Aug","X2012",88
"2023","24-Aug","X2012",86
"2024","25-Aug","X2012",85
"2025","26-Aug","X2012",90
"2026","27-Aug","X2012",90
"2027","28-Aug","X2012",80
"2028","29-Aug","X2012",86
"2029","30-Aug","X2012",80
"2030","31-Aug","X2012",89
"2031","1-Sep","X2012",91
"2032","2-Sep","X2012",89
"2033","3-Sep","X2012",85
"2034","4-Sep","X2012",77
"2035","5-Sep","X2012",85
"2036","6-Sep","X2012",85
"2037","7-Sep","X2012",92
"2038","8-Sep","X2012",88
"2039","9-Sep","X2012",83
"2040","10-Sep","X2012",84
"2041","11-Sep","X2012",83
"2042","12-Sep","X2012",81
"2043","13-Sep","X2012",81
"2044","14-Sep","X2012",83
"2045","15-Sep","X2012",87
"2046","16-Sep","X2012",86
"2047","17-Sep","X2012",83
"2048","18-Sep","X2012",79
"2049","19-Sep","X2012",81
"2050","20-Sep","X2012",79
"2051","21-Sep","X2012",85
"2052","22-Sep","X2012",87
"2053","23-Sep","X2012",81
"2054","24-Sep","X2012",78
"2055","25-Sep","X2012",82
"2056","26-Sep","X2012",86
"2057","27-Sep","X2012",88
"2058","28-Sep","X2012",86
"2059","29-Sep","X2012",84
"2060","30-Sep","X2012",72
"2061","1-Oct","X2012",75
"2062","2-Oct","X2012",72
"2063","3-Oct","X2012",74
"2064","4-Oct","X2012",82
"2065","5-Oct","X2012",82
"2066","6-Oct","X2012",83
"2067","7-Oct","X2012",68
"2068","8-Oct","X2012",63
"2069","9-Oct","X2012",70
"2070","10-Oct","X2012",73
"2071","11-Oct","X2012",75
"2072","12-Oct","X2012",79
"2073","13-Oct","X2012",75
"2074","14-Oct","X2012",77
"2075","15-Oct","X2012",77
"2076","16-Oct","X2012",74
"2077","17-Oct","X2012",75
"2078","18-Oct","X2012",74
"2079","19-Oct","X2012",73
"2080","20-Oct","X2012",71
"2081","21-Oct","X2012",76
"2082","22-Oct","X2012",79
"2083","23-Oct","X2012",78
"2084","24-Oct","X2012",79
"2085","25-Oct","X2012",80
"2086","26-Oct","X2012",80
"2087","27-Oct","X2012",70
"2088","28-Oct","X2012",56
"2089","29-Oct","X2012",56
"2090","30-Oct","X2012",56
"2091","31-Oct","X2012",65
"2092","1-Jul","X2013",82
"2093","2-Jul","X2013",85
"2094","3-Jul","X2013",76
"2095","4-Jul","X2013",77
"2096","5-Jul","X2013",83
"2097","6-Jul","X2013",83
"2098","7-Jul","X2013",79
"2099","8-Jul","X2013",88
"2100","9-Jul","X2013",88
"2101","10-Jul","X2013",87
"2102","11-Jul","X2013",80
"2103","12-Jul","X2013",87
"2104","13-Jul","X2013",78
"2105","14-Jul","X2013",85
"2106","15-Jul","X2013",86
"2107","16-Jul","X2013",87
"2108","17-Jul","X2013",91
"2109","18-Jul","X2013",87
"2110","19-Jul","X2013",90
"2111","20-Jul","X2013",86
"2112","21-Jul","X2013",87
"2113","22-Jul","X2013",85
"2114","23-Jul","X2013",84
"2115","24-Jul","X2013",86
"2116","25-Jul","X2013",89
"2117","26-Jul","X2013",86
"2118","27-Jul","X2013",82
"2119","28-Jul","X2013",86
"2120","29-Jul","X2013",86
"2121","30-Jul","X2013",90
"2122","31-Jul","X2013",80
"2123","1-Aug","X2013",87
"2124","2-Aug","X2013",89
"2125","3-Aug","X2013",88
"2126","4-Aug","X2013",90
"2127","5-Aug","X2013",88
"2128","6-Aug","X2013",88
"2129","7-Aug","X2013",86
"2130","8-Aug","X2013",83
"2131","9-Aug","X2013",89
"2132","10-Aug","X2013",90
"2133","11-Aug","X2013",90
"2134","12-Aug","X2013",90
"2135","13-Aug","X2013",89
"2136","14-Aug","X2013",83
"2137","15-Aug","X2013",73
"2138","16-Aug","X2013",67
"2139","17-Aug","X2013",66
"2140","18-Aug","X2013",77
"2141","19-Aug","X2013",82
"2142","20-Aug","X2013",84
"2143","21-Aug","X2013",84
"2144","22-Aug","X2013",88
"2145","23-Aug","X2013",90
"2146","24-Aug","X2013",84
"2147","25-Aug","X2013",82
"2148","26-Aug","X2013",82
"2149","27-Aug","X2013",86
"2150","28-Aug","X2013",90
"2151","29-Aug","X2013",92
"2152","30-Aug","X2013",87
"2153","31-Aug","X2013",90
"2154","1-Sep","X2013",90
"2155","2-Sep","X2013",84
"2156","3-Sep","X2013",90
"2157","4-Sep","X2013",89
"2158","5-Sep","X2013",89
"2159","6-Sep","X2013",88
"2160","7-Sep","X2013",88
"2161","8-Sep","X2013",91
"2162","9-Sep","X2013",90
"2163","10-Sep","X2013",89
"2164","11-Sep","X2013",89
"2165","12-Sep","X2013",90
"2166","13-Sep","X2013",87
"2167","14-Sep","X2013",82
"2168","15-Sep","X2013",84
"2169","16-Sep","X2013",89
"2170","17-Sep","X2013",79
"2171","18-Sep","X2013",78
"2172","19-Sep","X2013",84
"2173","20-Sep","X2013",86
"2174","21-Sep","X2013",73
"2175","22-Sep","X2013",82
"2176","23-Sep","X2013",82
"2177","24-Sep","X2013",71
"2178","25-Sep","X2013",67
"2179","26-Sep","X2013",78
"2180","27-Sep","X2013",79
"2181","28-Sep","X2013",77
"2182","29-Sep","X2013",76
"2183","30-Sep","X2013",77
"2184","1-Oct","X2013",82
"2185","2-Oct","X2013",82
"2186","3-Oct","X2013",82
"2187","4-Oct","X2013",85
"2188","5-Oct","X2013",84
"2189","6-Oct","X2013",84
"2190","7-Oct","X2013",74
"2191","8-Oct","X2013",72
"2192","9-Oct","X2013",76
"2193","10-Oct","X2013",80
"2194","11-Oct","X2013",79
"2195","12-Oct","X2013",81
"2196","13-Oct","X2013",82
"2197","14-Oct","X2013",77
"2198","15-Oct","X2013",68
"2199","16-Oct","X2013",74
"2200","17-Oct","X2013",72
"2201","18-Oct","X2013",73
"2202","19-Oct","X2013",63
"2203","20-Oct","X2013",70
"2204","21-Oct","X2013",72
"2205","22-Oct","X2013",69
"2206","23-Oct","X2013",63
"2207","24-Oct","X2013",66
"2208","25-Oct","X2013",56
"2209","26-Oct","X2013",61
"2210","27-Oct","X2013",69
"2211","28-Oct","X2013",64
"2212","29-Oct","X2013",75
"2213","30-Oct","X2013",78
"2214","31-Oct","X2013",74
"2215","1-Jul","X2014",90
"2216","2-Jul","X2014",93
"2217","3-Jul","X2014",87
"2218","4-Jul","X2014",84
"2219","5-Jul","X2014",86
"2220","6-Jul","X2014",87
"2221","7-Jul","X2014",89
"2222","8-Jul","X2014",90
"2223","9-Jul","X2014",90
"2224","10-Jul","X2014",87
"2225","11-Jul","X2014",85
"2226","12-Jul","X2014",90
"2227","13-Jul","X2014",89
"2228","14-Jul","X2014",90
"2229","15-Jul","X2014",86
"2230","16-Jul","X2014",83
"2231","17-Jul","X2014",86
"2232","18-Jul","X2014",82
"2233","19-Jul","X2014",85
"2234","20-Jul","X2014",76
"2235","21-Jul","X2014",82
"2236","22-Jul","X2014",83
"2237","23-Jul","X2014",88
"2238","24-Jul","X2014",87
"2239","25-Jul","X2014",88
"2240","26-Jul","X2014",89
"2241","27-Jul","X2014",92
"2242","28-Jul","X2014",90
"2243","29-Jul","X2014",82
"2244","30-Jul","X2014",84
"2245","31-Jul","X2014",85
"2246","1-Aug","X2014",81
"2247","2-Aug","X2014",84
"2248","3-Aug","X2014",88
"2249","4-Aug","X2014",90
"2250","5-Aug","X2014",89
"2251","6-Aug","X2014",92
"2252","7-Aug","X2014",95
"2253","8-Aug","X2014",90
"2254","9-Aug","X2014",89
"2255","10-Aug","X2014",86
"2256","11-Aug","X2014",83
"2257","12-Aug","X2014",88
"2258","13-Aug","X2014",84
"2259","14-Aug","X2014",85
"2260","15-Aug","X2014",87
"2261","16-Aug","X2014",88
"2262","17-Aug","X2014",89
"2263","18-Aug","X2014",89
"2264","19-Aug","X2014",86
"2265","20-Aug","X2014",89
"2266","21-Aug","X2014",92
"2267","22-Aug","X2014",93
"2268","23-Aug","X2014",93
"2269","24-Aug","X2014",88
"2270","25-Aug","X2014",84
"2271","26-Aug","X2014",86
"2272","27-Aug","X2014",88
"2273","28-Aug","X2014",91
"2274","29-Aug","X2014",92
"2275","30-Aug","X2014",88
"2276","31-Aug","X2014",89
"2277","1-Sep","X2014",90
"2278","2-Sep","X2014",90
"2279","3-Sep","X2014",92
"2280","4-Sep","X2014",82
"2281","5-Sep","X2014",89
"2282","6-Sep","X2014",91
"2283","7-Sep","X2014",90
"2284","8-Sep","X2014",84
"2285","9-Sep","X2014",84
"2286","10-Sep","X2014",86
"2287","11-Sep","X2014",90
"2288","12-Sep","X2014",92
"2289","13-Sep","X2014",86
"2290","14-Sep","X2014",78
"2291","15-Sep","X2014",80
"2292","16-Sep","X2014",86
"2293","17-Sep","X2014",86
"2294","18-Sep","X2014",85
"2295","19-Sep","X2014",84
"2296","20-Sep","X2014",83
"2297","21-Sep","X2014",87
"2298","22-Sep","X2014",82
"2299","23-Sep","X2014",77
"2300","24-Sep","X2014",78
"2301","25-Sep","X2014",77
"2302","26-Sep","X2014",74
"2303","27-Sep","X2014",78
"2304","28-Sep","X2014",74
"2305","29-Sep","X2014",71
"2306","30-Sep","X2014",84
"2307","1-Oct","X2014",86
"2308","2-Oct","X2014",85
"2309","3-Oct","X2014",78
"2310","4-Oct","X2014",65
"2311","5-Oct","X2014",71
"2312","6-Oct","X2014",78
"2313","7-Oct","X2014",82
"2314","8-Oct","X2014",86
"2315","9-Oct","X2014",86
"2316","10-Oct","X2014",86
"2317","11-Oct","X2014",86
"2318","12-Oct","X2014",85
"2319","13-Oct","X2014",85
"2320","14-Oct","X2014",75
"2321","15-Oct","X2014",69
"2322","16-Oct","X2014",70
"2323","17-Oct","X2014",80
"2324","18-Oct","X2014",76
"2325","19-Oct","X2014",73
"2326","20-Oct","X2014",73
"2327","21-Oct","X2014",77
"2328","22-Oct","X2014",70
"2329","23-Oct","X2014",72
"2330","24-Oct","X2014",74
"2331","25-Oct","X2014",77
"2332","26-Oct","X2014",84
"2333","27-Oct","X2014",84
"2334","28-Oct","X2014",77
"2335","29-Oct","X2014",73
"2336","30-Oct","X2014",68
"2337","31-Oct","X2014",63
"2338","1-Jul","X2015",85
"2339","2-Jul","X2015",87
"2340","3-Jul","X2015",79
"2341","4-Jul","X2015",85
"2342","5-Jul","X2015",84
"2343","6-Jul","X2015",84
"2344","7-Jul","X2015",90
"2345","8-Jul","X2015",90
"2346","9-Jul","X2015",91
"2347","10-Jul","X2015",93
"2348","11-Jul","X2015",92
"2349","12-Jul","X2015",93
"2350","13-Jul","X2015",92
"2351","14-Jul","X2015",90
"2352","15-Jul","X2015",89
"2353","16-Jul","X2015",88
"2354","17-Jul","X2015",93
"2355","18-Jul","X2015",92
"2356","19-Jul","X2015",91
"2357","20-Jul","X2015",93
"2358","21-Jul","X2015",93
"2359","22-Jul","X2015",92
"2360","23-Jul","X2015",88
"2361","24-Jul","X2015",91
"2362","25-Jul","X2015",90
"2363","26-Jul","X2015",91
"2364","27-Jul","X2015",92
"2365","28-Jul","X2015",94
"2366","29-Jul","X2015",93
"2367","30-Jul","X2015",94
"2368","31-Jul","X2015",93
"2369","1-Aug","X2015",89
"2370","2-Aug","X2015",94
"2371","3-Aug","X2015",94
"2372","4-Aug","X2015",97
"2373","5-Aug","X2015",95
"2374","6-Aug","X2015",88
"2375","7-Aug","X2015",88
"2376","8-Aug","X2015",92
"2377","9-Aug","X2015",93
"2378","10-Aug","X2015",94
"2379","11-Aug","X2015",91
"2380","12-Aug","X2015",90
"2381","13-Aug","X2015",89
"2382","14-Aug","X2015",90
"2383","15-Aug","X2015",90
"2384","16-Aug","X2015",90
"2385","17-Aug","X2015",89
"2386","18-Aug","X2015",88
"2387","19-Aug","X2015",89
"2388","20-Aug","X2015",88
"2389","21-Aug","X2015",89
"2390","22-Aug","X2015",92
"2391","23-Aug","X2015",87
"2392","24-Aug","X2015",89
"2393","25-Aug","X2015",84
"2394","26-Aug","X2015",86
"2395","27-Aug","X2015",85
"2396","28-Aug","X2015",83
"2397","29-Aug","X2015",81
"2398","30-Aug","X2015",74
"2399","31-Aug","X2015",84
"2400","1-Sep","X2015",87
"2401","2-Sep","X2015",90
"2402","3-Sep","X2015",89
"2403","4-Sep","X2015",92
"2404","5-Sep","X2015",87
"2405","6-Sep","X2015",85
"2406","7-Sep","X2015",85
"2407","8-Sep","X2015",84
"2408","9-Sep","X2015",87
"2409","10-Sep","X2015",85
"2410","11-Sep","X2015",86
"2411","12-Sep","X2015",78
"2412","13-Sep","X2015",75
"2413","14-Sep","X2015",77
"2414","15-Sep","X2015",80
"2415","16-Sep","X2015",79
"2416","17-Sep","X2015",83
"2417","18-Sep","X2015",83
"2418","19-Sep","X2015",87
"2419","20-Sep","X2015",89
"2420","21-Sep","X2015",77
"2421","22-Sep","X2015",76
"2422","23-Sep","X2015",81
"2423","24-Sep","X2015",74
"2424","25-Sep","X2015",67
"2425","26-Sep","X2015",71
"2426","27-Sep","X2015",71
"2427","28-Sep","X2015",75
"2428","29-Sep","X2015",77
"2429","30-Sep","X2015",85
"2430","1-Oct","X2015",71
"2431","2-Oct","X2015",66
"2432","3-Oct","X2015",66
"2433","4-Oct","X2015",70
"2434","5-Oct","X2015",73
"2435","6-Oct","X2015",76
"2436","7-Oct","X2015",81
"2437","8-Oct","X2015",82
"2438","9-Oct","X2015",81
"2439","10-Oct","X2015",71
"2440","11-Oct","X2015",73
"2441","12-Oct","X2015",76
"2442","13-Oct","X2015",81
"2443","14-Oct","X2015",78
"2444","15-Oct","X2015",81
"2445","16-Oct","X2015",77
"2446","17-Oct","X2015",70
"2447","18-Oct","X2015",66
"2448","19-Oct","X2015",64
"2449","20-Oct","X2015",71
"2450","21-Oct","X2015",76
"2451","22-Oct","X2015",79
"2452","23-Oct","X2015",81
"2453","24-Oct","X2015",76
"2454","25-Oct","X2015",71
"2455","26-Oct","X2015",67
"2456","27-Oct","X2015",56
"2457","28-Oct","X2015",78
"2458","29-Oct","X2015",70
"2459","30-Oct","X2015",70
"2460","31-Oct","X2015",62
